"Aa","Ca","Pa","Cc","Ad","El"
1149972.30484329,173085.647000953,988420.592748425,146718.5056577,226546.161971604,3040908.9697975
