Statistic,Lower 1-tailed,Upper 1-tailed,Two-tailed,Midpoint,Effect Size
mean_rf,0.8181818,0.1818182,0.3636364,0.8181818,0.4785536
quantile25,1,1,2,0.5,nan
quantile50,1,1,2,0.5,nan
quantile75,0.9090909,1,1.818182,0.4545455,0
quantile99,1,0.1818182,0.3636364,0.9090909,2.472066
quantile999,1,0.1818182,0.3636364,0.9090909,2.472066
mean_tl,0.2727273,0.7272727,0.5454545,0.2727273,0.1691832
var_tl,0.3636364,0.6363636,0.7272727,0.3636364,0.8156335
entropy,0.1818182,0.8181818,0.3636364,0.1818182,0.777425
