Statistic,Lower 1-tailed,Upper 1-tailed,Two-tailed,Midpoint,Effect Size
mean_rf,1,0,0,1,22.04955
quantile25,1,0,0,1,inf
quantile50,1,0,0,1,30.14963
quantile75,1,0,0,1,16.83772
quantile99,1,0,0,1,14.93544
quantile999,1,0,0,1,17.42468
mean_tl,0.4059406,0.5940594,0.8118812,0.4059406,0.2382179
var_tl,0.6534653,0.3465347,0.6930693,0.6534653,0.302573
entropy,0,1,0,0,12.1216
