Statistic,Lower 1-tailed,Upper 1-tailed,Two-tailed,Midpoint,Effect Size
mean_rf,1,0,0,1,28.59291
quantile25,1,0,0,1,inf
quantile50,1,0,0,1,30.14963
quantile75,1,0,0,1,21.04715
quantile99,1,0,0,1,18.2127
quantile999,1,0,0,1,18.2127
mean_tl,0.4257426,0.5742574,0.8514851,0.4257426,0.2507394
var_tl,0.6534653,0.3465347,0.6930693,0.6534653,0.4792471
entropy,0,1,0,0,12.50818
