"Aa","Ca","Pa","Cc","Ad","El"
3321.16731578072,2261.56383203703,541.884893336976,763.205794927355,1430.45758164992,310.57713486431
